{
  "IcoMoonType": "selection",
  "icons": [
    {
      "icon": {
        "paths": [
          "M1024 512c0 282.77-229.23 512-512 512s-512-229.23-512-512c0-282.77 229.23-512 512-512s512 229.23 512 512z",
          "M1002.667 512c0 270.988-219.679 490.667-490.667 490.667s-490.667-219.679-490.667-490.667c0-270.988 219.679-490.667 490.667-490.667s490.667 219.679 490.667 490.667z",
          "M682.667 375.71l-34.377-34.377-136.29 136.29-136.29-136.29-34.377 34.377 136.29 136.29-136.29 136.29 34.377 34.377 136.29-136.29 136.29 136.29 34.377-34.377-136.29-136.29 136.29-136.29z"
        ],
        "attrs": [
          {
            "fill": "rgb(231, 233, 252)"
          },
          {
            "fill": "none",
            "stroke": "rgb(0, 0, 0)",
            "strokeLinejoin": "miter",
            "strokeLinecap": "butt",
            "strokeMiterlimit": "4",
            "strokeWidth": 42.666666666666664
          },
          {
            "fill": "rgb(46, 47, 66)"
          }
        ],
        "isMulticolor": true,
        "isMulticolor2": true,
        "grid": 0,
        "tags": [
          "close"
        ],
        "colorPermutations": {
          "123123325214647661": [
            {
              "f": 2
            },
            {
              "s": 0
            },
            {
              "f": 1
            }
          ]
        }
      },
      "attrs": [
        {
          "fill": "rgb(231, 233, 252)"
        },
        {
          "fill": "none",
          "stroke": "rgb(0, 0, 0)",
          "strokeLinejoin": "miter",
          "strokeLinecap": "butt",
          "strokeMiterlimit": "4",
          "strokeWidth": 42.666666666666664
        },
        {
          "fill": "rgb(46, 47, 66)"
        }
      ],
      "properties": {
        "order": 3,
        "id": 0,
        "name": "close",
        "prevSize": 32
      },
      "setIdx": 1,
      "setId": 2,
      "iconIdx": 0
    }
  ],
  "height": 1024,
  "preferences": {
    "showGlyphs": true,
    "showQuickUse": true,
    "showQuickUse2": true,
    "showSVGs": true,
    "fontPref": {
      "prefix": "icon-",
      "metadata": {
        "fontFamily": "icomoon"
      },
      "metrics": {
        "emSize": 1024,
        "baseline": 6.25,
        "whitespace": 50
      },
      "embed": false
    },
    "imagePref": {
      "prefix": "icon-",
      "png": false,
      "useClassSelector": true,
      "color": 0,
      "bgColor": 16777215,
      "classSelector": ".icon",
      "name": "icomoon-modal-close",
      "height": 32,
      "columns": 16,
      "margin": 16,
      "sprite": true,
      "overrideSize": true
    },
    "historySize": 50,
    "showCodes": true,
    "gridSize": 16
  }
}