{
  "IcoMoonType": "selection",
  "icons": [
    {
      "icon": {
        "paths": [
          "M1024 85.333l-1024 480 327.251 101.001 504.749-394.334-383.927 431.629 0.311 0.098-0.384-0.098v235.038l183.522-178.419 232.482 71.753 159.996-746.667z"
        ],
        "attrs": [
          {
            "fill": "rgb(255, 255, 255)"
          }
        ],
        "isMulticolor": false,
        "isMulticolor2": false,
        "grid": 24,
        "tags": [
          "frame"
        ]
      },
      "attrs": [
        {
          "fill": "rgb(255, 255, 255)"
        }
      ],
      "properties": {
        "order": 13,
        "id": 291,
        "name": "frame",
        "prevSize": 24
      },
      "setIdx": 0,
      "setId": 3,
      "iconIdx": 1
    },
    {
      "icon": {
        "paths": [
          "M384 689.92l-177.92-177.92-60.587 60.16 238.507 238.507 512-512-60.16-60.16z"
        ],
        "attrs": [
          {}
        ],
        "isMulticolor": false,
        "isMulticolor2": false,
        "grid": 24,
        "tags": [
          "check"
        ]
      },
      "attrs": [
        {}
      ],
      "properties": {
        "order": 12,
        "id": 285,
        "name": "check",
        "prevSize": 24
      },
      "setIdx": 0,
      "setId": 3,
      "iconIdx": 7
    },
    {
      "icon": {
        "paths": [
          "M1024 85.333l-1024 480 327.251 101.001 504.749-394.334-383.927 431.629 0.311 0.098-0.384-0.098v235.038l183.522-178.419 232.482 71.753 159.996-746.667z"
        ],
        "attrs": [
          {
            "fill": "rgb(255, 255, 255)"
          }
        ],
        "isMulticolor": false,
        "isMulticolor2": false,
        "grid": 24,
        "tags": [
          "frame"
        ]
      },
      "attrs": [
        {
          "fill": "rgb(255, 255, 255)"
        }
      ],
      "properties": {
        "order": 11,
        "id": 284,
        "name": "frame1",
        "prevSize": 24
      },
      "setIdx": 0,
      "setId": 3,
      "iconIdx": 8
    },
    {
      "icon": {
        "paths": [
          "M353.835 499.499l128 128c16.683 16.683 43.691 16.683 60.331 0l426.667-426.667c16.683-16.683 16.683-43.691 0-60.331s-43.691-16.683-60.331 0l-396.501 396.501-97.835-97.835c-16.683-16.683-43.691-16.683-60.331 0s-16.683 43.691 0 60.331zM853.333 512v298.667c0 11.776-4.736 22.4-12.501 30.165s-18.389 12.501-30.165 12.501h-597.333c-11.776 0-22.4-4.736-30.165-12.501s-12.501-18.389-12.501-30.165v-597.333c0-11.776 4.736-22.4 12.501-30.165s18.389-12.501 30.165-12.501h469.333c23.552 0 42.667-19.115 42.667-42.667s-19.115-42.667-42.667-42.667h-469.333c-35.328 0-67.413 14.379-90.496 37.504s-37.504 55.168-37.504 90.496v597.333c0 35.328 14.379 67.413 37.504 90.496s55.168 37.504 90.496 37.504h597.333c35.328 0 67.413-14.379 90.496-37.504s37.504-55.168 37.504-90.496v-298.667c0-23.552-19.115-42.667-42.667-42.667s-42.667 19.115-42.667 42.667z"
        ],
        "attrs": [],
        "isMulticolor": false,
        "isMulticolor2": false,
        "tags": [
          "check-square"
        ],
        "grid": 24
      },
      "attrs": [],
      "properties": {
        "id": 46,
        "order": 9,
        "prevSize": 24,
        "name": "check-square"
      },
      "setIdx": 0,
      "setId": 3,
      "iconIdx": 55
    },
    {
      "icon": {
        "paths": [
          "M979.755 96.811c1.835-6.443 2.133-13.397 0.64-20.309-1.024-4.821-2.901-9.557-5.589-13.867-2.731-4.352-6.187-8.107-10.155-11.179-4.992-3.84-10.624-6.4-16.469-7.723s-12.032-1.451-18.176-0.171c-1.792 0.384-3.627 0.896-5.376 1.493l-0.896 0.299-852.48 298.368c-10.752 3.755-19.925 11.776-24.917 22.955-9.557 21.547 0.128 46.763 21.675 56.32l369.024 164.011 164.011 369.024c4.608 10.368 13.355 18.901 24.875 22.955 22.229 7.765 46.592-3.925 54.357-26.197l298.368-852.437c0.427-1.152 0.811-2.304 1.152-3.499zM459.904 503.765l-258.901-115.029 575.275-201.387zM836.651 247.723l-201.387 575.275-115.029-258.901z"
        ],
        "attrs": [],
        "isMulticolor": false,
        "isMulticolor2": false,
        "tags": [
          "send"
        ],
        "grid": 24
      },
      "attrs": [],
      "properties": {
        "id": 206,
        "order": 8,
        "prevSize": 24,
        "name": "send"
      },
      "setIdx": 0,
      "setId": 3,
      "iconIdx": 215
    },
    {
      "icon": {
        "paths": [
          "M1024 85.333l-1024 480 327.251 101.001 504.749-394.334-383.927 431.629 0.311 0.098-0.384-0.098v235.038l183.522-178.419 232.482 71.753 159.996-746.667z"
        ],
        "attrs": [
          {
            "fill": "rgb(255, 255, 255)"
          }
        ],
        "isMulticolor": false,
        "isMulticolor2": false,
        "grid": 0,
        "tags": [
          "frame"
        ]
      },
      "attrs": [
        {
          "fill": "rgb(255, 255, 255)"
        }
      ],
      "properties": {
        "order": 10,
        "id": 0,
        "name": "frame2",
        "prevSize": 32
      },
      "setIdx": 1,
      "setId": 2,
      "iconIdx": 0
    }
  ],
  "height": 1024,
  "preferences": {
    "showGlyphs": true,
    "showQuickUse": true,
    "showQuickUse2": true,
    "showSVGs": true,
    "fontPref": {
      "prefix": "icon-",
      "metadata": {
        "fontFamily": "icomoon"
      },
      "metrics": {
        "emSize": 1024,
        "baseline": 6.25,
        "whitespace": 50
      },
      "embed": false
    },
    "imagePref": {
      "prefix": "icon-",
      "png": false,
      "useClassSelector": true,
      "color": 0,
      "bgColor": 16777215,
      "classSelector": ".icon",
      "name": "icomoon",
      "height": 32,
      "columns": 16,
      "margin": 16,
      "overrideSize": true,
      "sprite": true
    },
    "historySize": 50,
    "showCodes": true,
    "gridSize": 16
  }
}